{"cameraMode":{"drawMode":0,"name":"Shaded","section":"Shading Mode"},"sceneLighting":true,"audioPlay":false,"sceneViewState":{"showFog":true,"showMaterialUpdate":false,"showSkybox":true,"showFlares":true,"showImageEffects":true,"showParticleSystems":true},"in2DMode":false,"pivot":{"x":4.157158374786377,"y":-1.8251256942749024,"z":-5.240038871765137},"rotation":{"x":-0.33239832520484927,"y":0.18628205358982087,"z":-0.06690870225429535,"w":-0.9221932291984558},"size":10.0,"orthographic":false}